epoch,train_epoch_loss
0,0.2217460300611413
1,0.19892595816349637
2,0.1817144863847373
3,0.16906826737998187
4,0.1594605376754982
5,0.15296206266983695
6,0.14716593424479166
7,0.14236383852751358
8,0.13803034243376358
9,0.13410750679347827
10,0.1317116557687953
